{
  "first": {
    "name": "Энди",
    "surname": "Уир",
    "path_img": "static/img/andy_uir.jpg",
    "profs": "астрогеолог, специалист по радиационной защите"
  },

  "second": {
    "name": "Джон",
    "surname": "Сильвиа",
    "path_img": "static/img/john_silvia.png",
    "profs": "пилот, врач, экзобиолог"
  },

  "third": {
    "name": "Марк",
    "surname": "Новелл",
    "path_img": "static/img/mark_novell.jpg",
    "profs": "оператор марсохода, киберинженер"
  }
}
